{"load_pickle_data": 0.04969143867492676, "connect": 0.17110109329223633, "create_tables": 0.3105740547180176, "add_jobs_batch": 0.2360234260559082, "add_blobs_batch": 0.9125783443450928, "query_jobs_all": 0.041155338287353516, "query_blobs_all": 0.04149770736694336}