{"load_pickle_data": 0.04214954376220703, "connect": 0.030733823776245117, "create_tables": 0.0031015872955322266, "add_jobs_batch": 0.1260077953338623, "add_blobs_batch": 0.8342716693878174, "query_jobs_all": 0.01705765724182129, "query_blobs_all": 0.03403067588806152}