{"load_pickle_data": 0.038039207458496094, "connect": 0.1472012996673584, "create_tables": 0.7904613018035889, "add_jobs_batch": 0.2441086769104004, "add_blobs_batch": 0.6895930767059326, "query_jobs_all": 0.1577012538909912, "query_blobs_all": 0.02843189239501953}