{"load_pickle_data": 0.045597076416015625, "connect": 0.03710174560546875, "create_tables": 0.004078388214111328, "add_jobs_batch": 0.15584969520568848, "add_blobs_batch": 0.7070045471191406, "query_jobs_all": 0.009731531143188477, "query_blobs_all": 0.036241769790649414}