{"load_pickle_data": 0.05209541320800781, "connect": 0.24773502349853516, "create_tables": 0.3593924045562744, "add_jobs_batch": 0.2992098331451416, "add_blobs_batch": 0.8906815052032471, "query_jobs_all": 0.033113718032836914, "query_blobs_all": 0.04539775848388672}