{"load_pickle_data": 0.07649588584899902, "connect": 0.2841002941131592, "create_tables": 0.38682985305786133, "add_jobs_batch": 2.26503586769104, "add_blobs_batch": 8.200293064117432, "query_jobs_all": 0.08821415901184082, "query_blobs_all": 0.24466681480407715}