{"load_pickle_data": 0.037859201431274414, "connect": 0.1488361358642578, "create_tables": 0.7547805309295654, "add_jobs_batch": 0.21418547630310059, "add_blobs_batch": 0.7881090641021729, "query_jobs_all": 0.03264570236206055, "query_blobs_all": 0.03219199180603027}