{"load_pickle_data": 0.3054029941558838, "connect_cassandra": 0.17177581787109375, "create_tables_cassandra": 0.30143117904663086, "add_jobs_cassandra": 7.929447174072266, "add_blobs_cassandra": 72.97943496704102}