{"load_pickle_data_batch": 0.03270745277404785, "connect": 0.0009915828704833984, "add_jobs_batch": 1.0382599830627441, "add_blobs_batch": 0.03286576271057129, "query_jobs_all": 0.001768350601196289, "query_blobs_all": 0.002318143844604492}