{"load_pickle_data_batch": 3.498469114303589, "connect_mongo": 0.0017476081848144531, "add_jobs_mongo": 2.5033798217773438, "add_blobs_mongo": 19.63288402557373}