{"load_pickle_data_batch": 0.3966333866119385, "connect": 0.003490924835205078, "add_jobs_batch": 5.7287609577178955, "add_blobs_batch": 7.709240913391113, "query_jobs_all": 0.17021417617797852, "query_blobs_all": 2.343033790588379}