{"load_pickle_data_batch": 0.3868825435638428, "connect_mongo": 0.0017485618591308594, "add_jobs_mongo": 0.2559187412261963, "add_blobs_mongo": 1.1720995903015137}