{"load_pickle_data_batch": 0.06900143623352051, "connect_mongo": 0.0023920536041259766, "add_jobs_mongo": 0.7006635665893555, "add_blobs_mongo": 0.8632056713104248}