{"load_pickle_data_batch": 0.08015227317810059, "connect_mongo": 0.0017795562744140625, "add_jobs_mongo": 0.03770160675048828, "add_blobs_mongo": 0.1450662612915039}