{"load_pickle_data_batch": 0.3161900043487549, "connect": 0.002657175064086914, "add_jobs_batch": 4.081358909606934, "add_blobs_batch": 6.63060998916626, "query_jobs_all": 0.07827925682067871, "query_blobs_all": 1.167928695678711}