{"load_pickle_data_batch": 0.33581066131591797, "connect": 0.0010933876037597656, "add_jobs_batch": 0.7791318893432617, "add_blobs_batch": 1.1550848484039307, "query_jobs_all": 0.057001352310180664, "query_blobs_all": 0.7396719455718994}