{"load_pickle_data_batch": 0.06200885772705078, "connect": 0.0009515285491943359, "add_jobs_batch": 1.599578619003296, "add_blobs_batch": 0.5883867740631104, "query_jobs_all": 0.004880666732788086, "query_blobs_all": 0.08267688751220703}