{"load_pickle_data_batch": 0.08877396583557129, "connect": 0.0010497570037841797, "add_jobs_batch": 0.623889684677124, "add_blobs_batch": 0.1953601837158203, "query_jobs_all": 0.006980180740356445, "query_blobs_all": 0.08867812156677246}