{"load_pickle_data_batch": 0.06890416145324707, "connect": 0.0010633468627929688, "add_jobs_batch": 0.7231616973876953, "add_blobs_batch": 0.308147668838501, "query_jobs_all": 0.0061168670654296875, "query_blobs_all": 0.09456753730773926}