{"load_pickle_data_batch": 0.3685791492462158, "connect": 0.0010869503021240234, "add_jobs_batch": 4.88684868812561, "add_blobs_batch": 5.687145709991455, "query_jobs_all": 0.05734705924987793, "query_blobs_all": 0.7654612064361572}