{"load_pickle_data_batch": 0.3122892379760742, "connect_mongo": 0.0016927719116210938, "add_jobs_mongo": 4.031163454055786, "add_blobs_mongo": 5.791084051132202}