{"load_pickle_data_batch": 0.03989553451538086, "connect": 0.0009601116180419922, "add_jobs_batch": 0.605825662612915, "add_blobs_batch": 0.13564491271972656, "query_jobs_all": 0.002085447311401367, "query_blobs_all": 0.012557506561279297}