{"load_pickle_data_batch": 0.07066202163696289, "connect": 0.0010592937469482422, "add_jobs_batch": 0.5512089729309082, "add_blobs_batch": 0.14661335945129395, "query_jobs_all": 0.005308628082275391, "query_blobs_all": 0.07665610313415527}