{"load_pickle_data_batch": 3.395282745361328, "connect_mongo": 0.001661539077758789, "add_jobs_mongo": 2.3220155239105225, "add_blobs_mongo": 24.4539213180542}