{"load_pickle_data_batch": 0.3357088565826416, "connect_mongo": 0.0021004676818847656, "add_jobs_mongo": 0.18924164772033691, "add_blobs_mongo": 1.1171679496765137}