{"load_pickle_data_batch": 0.3196582794189453, "connect": 0.0010714530944824219, "add_jobs_batch": 0.6993203163146973, "add_blobs_batch": 1.1047697067260742, "query_jobs_all": 0.05025911331176758, "query_blobs_all": 0.7071249485015869}