{"load_pickle_data_batch": 0.061280012130737305, "connect": 0.0009646415710449219, "add_jobs_batch": 0.5784797668457031, "add_blobs_batch": 0.16260218620300293, "query_jobs_all": 0.007418394088745117, "query_blobs_all": 0.0893242359161377}