{"load_pickle_data_batch": 0.3204190731048584, "connect": 0.0010142326354980469, "add_jobs_batch": 0.7128012180328369, "add_blobs_batch": 1.1588656902313232, "query_jobs_all": 0.048793792724609375, "query_blobs_all": 0.685314416885376}