{"load_pickle_data_batch": 0.03934121131896973, "connect": 0.001016855239868164, "add_jobs_batch": 1.172433853149414, "add_blobs_batch": 0.03952741622924805, "query_jobs_all": 0.002454042434692383, "query_blobs_all": 0.012744426727294922}