{"load_pickle_data_batch": 0.4143483638763428, "connect": 0.0011637210845947266, "add_jobs_batch": 0.7165327072143555, "add_blobs_batch": 1.361891269683838, "query_jobs_all": 0.0572054386138916, "query_blobs_all": 0.7662444114685059}