{"load_pickle_data_batch": 0.3233046531677246, "connect": 0.0009243488311767578, "add_jobs_batch": 1.1958708763122559, "add_blobs_batch": 1.5228524208068848, "query_jobs_all": 0.05393695831298828, "query_blobs_all": 0.7234551906585693}