{"load_pickle_data_batch": 3.7063541412353516, "connect_mongo": 0.0016894340515136719, "add_jobs_mongo": 49.42936182022095, "add_blobs_mongo": 70.47370457649231}