{"load_pickle_data": 0.13344621658325195, "connect_mongo": 0.001737833023071289}