{"load_pickle_data_batch": 0.3073463439941406, "connect_mongo": 0.0015056133270263672, "add_jobs_mongo": 0.15624022483825684, "add_blobs_mongo": 1.1017043590545654}