{"load_pickle_data_batch": 0.3649482727050781, "connect_mongo": 0.0016274452209472656, "add_jobs_mongo": 0.18742823600769043, "add_blobs_mongo": 1.1019251346588135}