{"load_pickle_data_batch": 3.9081504344940186, "connect_mongo": 0.0017664432525634766, "add_jobs_mongo": 2.1329212188720703, "add_blobs_mongo": 103.21087622642517}