{"load_pickle_data_batch": 3.612056016921997, "connect_mongo": 0.0016634464263916016, "add_jobs_mongo": 2.05352783203125, "add_blobs_mongo": 21.996641159057617}