{"load_pickle_data_batch": 0.3923776149749756, "connect": 0.0011136531829833984, "add_jobs_batch": 0.728217363357544, "add_blobs_batch": 1.413823127746582, "query_jobs_all": 0.062043190002441406, "query_blobs_all": 0.7654974460601807}