{"load_pickle_data_batch": 0.2713587284088135, "connect_mongo": 0.0011014938354492188, "add_jobs_batch": 0.13204407691955566, "add_blobs_batch": 0.9894137382507324, "query_jobs_all": 0.10928487777709961, "query_blobs_all": 1.4670028686523438}