{"load_pickle_data_batch": 0.06981825828552246, "connect": 0.0009665489196777344, "add_jobs_batch": 0.6224408149719238, "add_blobs_batch": 0.2921023368835449, "query_jobs_all": 0.008435249328613281, "query_blobs_all": 0.0986948013305664}