{"load_pickle_data_batch": 0.030691862106323242, "connect": 0.0008480548858642578, "add_jobs_batch": 1.0514400005340576, "add_blobs_batch": 0.024027109146118164, "query_jobs_all": 0.001390218734741211, "query_blobs_all": 0.002279043197631836}