{"load_pickle_data": 0.1037590503692627, "connect_mongo": 0.002849578857421875}