{"load_pickle_data_batch": 0.03945422172546387, "connect": 0.0010402202606201172, "add_jobs_batch": 0.5340132713317871, "add_blobs_batch": 0.04811835289001465, "query_jobs_all": 0.0017790794372558594, "query_blobs_all": 0.009974002838134766}