{"load_pickle_data": 0.10731029510498047, "connect_mongo": 0.0017943382263183594}