{"load_pickle_data_batch": 0.07425093650817871, "connect": 0.0026640892028808594, "add_jobs_batch": 0.5500466823577881, "add_blobs_batch": 0.6484317779541016, "query_jobs_all": 0.0238339900970459, "query_blobs_all": 0.3118588924407959}