{"load_pickle_data_batch": 0.37309980392456055, "connect_mongo": 0.0017118453979492188, "add_jobs_mongo": 0.6962852478027344, "add_blobs_mongo": 1.6813240051269531}