{"load_pickle_data_batch": 0.07164788246154785, "connect_mongo": 0.001750946044921875, "add_jobs_mongo": 0.049616098403930664, "add_blobs_mongo": 0.14813804626464844}