{"load_pickle_data_batch": 0.07839536666870117, "connect_mongo": 0.0014100074768066406, "add_jobs_mongo": 0.08012557029724121, "add_blobs_mongo": 0.3044605255126953}