{"connect_post": 0.06057143211364746, "create_tables": 0.005079984664916992, "query_jobs_all": 0.03087902069091797, "query_blobs_all": 0.0008759498596191406}