{"connect_post": 0.04575943946838379, "create_tables": 0.11488723754882812, "add_jobs_loop": 0.1915757656097412, "add_blobs_loop": 1.6689300537109375e-06, "query_jobs_all": 0.0010073184967041016, "query_blobs_all": 0.0007283687591552734}