{"connect_post": 0.043860435485839844, "create_tables": 0.05287599563598633, "add_jobs_loop": 0.24637961387634277, "query_jobs_all": 0.0017647743225097656, "query_blobs_all": 0.001711130142211914}