{"connect_post": 0.0413966178894043, "create_tables": 0.056879281997680664, "add_jobs_loop": 0.22194552421569824, "add_blobs_loop": 0.4136950969696045, "query_jobs_all": 0.0015513896942138672, "query_blobs_all": 0.027388572692871094}