{"connect": 0.0363006591796875, "create_tables": 0.023798704147338867, "load_pickle_data": 0.061612844467163086, "add_jobs_batch": 0.1339435577392578, "add_blobs_batch": 1.5461366176605225, "query_jobs_all": 0.003742218017578125, "query_blobs_all": 0.271714448928833}