{"load_pickle_data": 0.03210091590881348, "cassandra_connection": 0.14832305908203125, "create_tables": 0.307830810546875, "add_jobs_loop": 0.013213872909545898, "add_blobs_loop": 0.0071392059326171875}