{"load_pickle_data": 0.036841392517089844, "cassandra_connection": 0.04667544364929199, "create_tables": 0.0034682750701904297, "add_jobs_batch": 0.0033004283905029297, "add_blobs_batch": 0.001996755599975586}