{"connect_post": 0.03549361228942871, "create_tables": 0.13201546669006348, "add_jobs_loop": 2.8058011531829834, "add_blobs_loop": 4.515335321426392, "query_jobs_all": 0.0068187713623046875, "query_blobs_all": 0.3273634910583496}