{"load_pickle_data": 0.057390451431274414, "cassandra_connection": 0.020427465438842773, "create_tables": 0.0019295215606689453, "add_jobs_loop": 0.0006909370422363281, "add_blobs_loop": 0.0006830692291259766, "query_jobs_all": 0.0026061534881591797, "query_blobs_all": 0.003285646438598633}