{"load_pickle_data": 0.036467552185058594, "cassandra_connection": 0.02878594398498535, "create_tables": 0.0038232803344726562, "add_jobs_loop": 0.0012278556823730469, "add_blobs_loop": 0.0010900497436523438}