{"connect_post": 0.03590202331542969, "create_tables": 0.02583789825439453, "load_pickle_data": 0.039490461349487305, "add_jobs_batch": 3.862870454788208, "add_blobs_batch": 17.390498876571655, "query_jobs_all": 0.026743412017822266, "query_blobs_all": 2.783498764038086}