{"connect_postgres": 0.04935503005981445, "create_tables_postgres": 0.027055740356445312, "load_pickle_data_batch": 3.172569513320923, "add_jobs_postgres": 312.1914920806885, "add_blobs_postgres": 554.5609793663025}