{"connect_post": 0.07146835327148438, "create_tables": 0.004283905029296875, "add_jobs_loop": 0.3679804801940918, "add_blobs_loop": 1.9073486328125e-06, "query_jobs_all": 0.0013346672058105469, "query_blobs_all": 0.0010077953338623047}