{"connect": 0.036977291107177734, "create_tables": 0.12270045280456543, "load_pickle_data": 0.3219127655029297, "add_jobs_batch": 1.4817585945129395, "add_blobs_batch": 13.401515483856201, "query_jobs_all": 0.028735637664794922, "query_blobs_all": 2.823410749435425}