{"connect": 0.03621029853820801, "create_tables": 0.050260066986083984, "load_pickle_data": 0.0683441162109375, "add_jobs_batch": 0.4361741542816162, "add_blobs_batch": 1.9602138996124268, "query_jobs_all": 0.006037712097167969, "query_blobs_all": 0.25978708267211914}