{"load_pickle_data": 0.03772115707397461, "cassandra_connection": 0.12562346458435059, "create_tables": 0.3207981586456299, "add_jobs_loop": 0.012533426284790039, "add_blobs_loop": 0.006887197494506836}