{"connect": 0.03611922264099121, "create_tables": 0.023408174514770508, "load_pickle_data": 0.033438920974731445, "add_jobs_batch": 0.2736217975616455, "add_blobs_batch": 0.5051388740539551, "query_jobs_all": 0.0018110275268554688, "query_blobs_all": 0.031111955642700195}