{"load_pickle_data": 0.09809207916259766, "cassandra_connection": 0.059975385665893555, "create_tables": 0.0020322799682617188, "add_jobs_loop": 43.44110369682312}