{"connect": 0.0366518497467041, "create_tables": 0.024763107299804688, "load_pickle_data": 0.031262874603271484, "add_jobs_batch": 0.004032135009765625, "add_blobs_batch": 0.018311500549316406, "query_jobs_all": 0.0010776519775390625, "query_blobs_all": 0.0035400390625}