{"connect_post": 0.034512996673583984, "create_tables": 0.027834415435791016, "load_pickle_data": 0.07056212425231934, "add_jobs_batch": 2.7813432216644287, "add_blobs_batch": 4.03735613822937, "query_jobs_all": 0.0033550262451171875, "query_blobs_all": 0.24106740951538086}