{"load_pickle_data": 0.028081655502319336, "cassandra_connection": 0.0678400993347168, "create_tables": 0.0075609683990478516, "add_jobs_batch": 0.0026159286499023438, "add_blobs_batch": 0.0026938915252685547}