{"connect": 0.03696608543395996, "create_tables": 0.029595136642456055, "load_pickle_data": 0.03316974639892578, "add_jobs_batch": 0.04980278015136719, "add_blobs_batch": 0.22807788848876953, "query_jobs_all": 0.0010700225830078125, "query_blobs_all": 0.022799015045166016}