{"connect_post": 0.06682729721069336, "create_tables": 0.004389286041259766, "load_pickle_data": 0.04158759117126465, "add_jobs_batch": 0.036798954010009766, "add_blobs_batch": 0.18610692024230957, "query_jobs_all": 0.0020546913146972656, "query_blobs_all": 0.03159785270690918}