{"connect": 0.1146996021270752, "create_tables": 0.030489206314086914, "load_pickle_data": 0.04594707489013672, "add_jobs_batch": 0.02810359001159668, "add_blobs_batch": 0.06072854995727539, "query_jobs_all": 0.0016052722930908203, "query_blobs_all": 0.006871938705444336}