{"connect": 0.03552746772766113, "create_tables": 0.02781224250793457, "load_pickle_data": 0.07167625427246094, "add_jobs_batch": 2.902406930923462, "add_blobs_batch": 4.909456968307495, "query_jobs_all": 0.007252216339111328, "query_blobs_all": 0.29827141761779785}