{"connect_post": 0.04194450378417969, "create_tables": 0.026380062103271484, "add_jobs_loop": 23.95555567741394, "query_jobs_all": 0.0518648624420166, "query_blobs_all": 0.0010292530059814453}