{"load_pickle_data": 0.03812408447265625, "cassandra_connection": 0.037041425704956055, "create_tables": 0.003732442855834961, "add_jobs_loop": 0.0015149116516113281, "add_blobs_loop": 0.0015876293182373047, "query_jobs_all": 0.005702972412109375, "query_blobs_all": 0.0054285526275634766}