{"connect_post": 0.10254406929016113, "create_tables": 0.026023149490356445, "load_pickle_data": 0.06442952156066895, "add_jobs_batch": 1.3559246063232422, "add_blobs_batch": 14.019648313522339, "query_jobs_all": 0.045049190521240234, "query_blobs_all": 2.9009411334991455}