{"connect_post": 0.03446817398071289, "create_tables": 0.06213116645812988, "load_pickle_data": 0.05717754364013672, "add_jobs_batch": 1.423962116241455, "add_blobs_batch": 14.06769347190857, "query_jobs_all": 0.03966045379638672, "query_blobs_all": 2.781766176223755}