{"connect": 0.053813934326171875, "create_tables": 0.028296470642089844, "load_pickle_data": 0.07697415351867676, "add_jobs_batch": 0.16690564155578613, "add_blobs_batch": 1.6600439548492432, "query_jobs_all": 0.003960371017456055, "query_blobs_all": 0.3391249179840088}