{"connect": 0.03664135932922363, "create_tables": 0.028249025344848633, "load_pickle_data": 0.033622026443481445, "add_jobs_batch": 0.015932321548461914, "add_blobs_batch": 0.1319255828857422, "query_jobs_all": 0.0012450218200683594, "query_blobs_all": 0.02272629737854004}