{"connect_post": 0.033794403076171875, "create_tables": 0.028627872467041016, "add_jobs_loop": 2.71396803855896, "add_blobs_loop": 4.327743053436279, "query_jobs_all": 0.0035440921783447266, "query_blobs_all": 0.27152276039123535}