{"load_pickle_data": 0.13127970695495605, "cassandra_connection": 0.3121762275695801, "create_tables": 0.181901216506958}