{"connect": 0.03818559646606445, "create_tables": 0.02414083480834961, "load_pickle_data": 0.3055918216705322, "add_jobs_batch": 4.497990131378174, "add_blobs_batch": 21.846148014068604, "query_jobs_all": 0.03461194038391113, "query_blobs_all": 2.88108491897583}