{"connect_post": 0.041881561279296875, "create_tables": 0.12938594818115234, "load_pickle_data": 0.06154036521911621, "add_jobs_batch": 1.2006804943084717, "add_blobs_batch": 13.396323442459106, "query_jobs_all": 0.03416085243225098, "query_blobs_all": 3.002843141555786}