{"connect_postgres": 0.05553793907165527, "create_tables_postgres": 0.1871325969696045, "load_pickle_data_batch": 3.3662989139556885, "add_jobs_postgres": 13.712519884109497, "add_blobs_postgres": 175.50903582572937}